id,MPA_filename
1l8Mg8tSclCtJSk7FXGrtkqSaMA0skO5U,MPA to USACOE.docx
1HwbK12clamYkG0t75IxSFeogZkdrjKOo,MPA to USACOE final.docx
113VsCoQTWBbsoa9Jm_L-Zi67dzC10jKA,Searport FNP Edited 3.29.17.docx
1c3L2OUo3WDEpNMwPnTGZ9oIFmzGjJh55,MaineDOT-Searsport Work Flow.docx
1bmYsvnlUksoHZRfE3Bd-CzT-Z1DdHZb1,Searsport Dredging Meeting June 5.docx
1ND968wTIWY1D_S3MImgrEsMCB_Tyo8Qz,Draft Beneficial Reuse Permit Notes.docx
1c3n51VsiSHIy2DvFB_WfqRY80KRvMO0n,Draft Beneficial Reuse Permit.docx
1oxrFXIUwgfCddSynDo-2Odj-a1_zTKxu,Searsport Dredging Notes.docx
1_WWwjux1CBXrYTGdidLRYYEb6SfVDzMl,Portland SoPO Receivable LeAnna Cumber.docx
1sN5-F5CM3ugdZvnqiOoNgVS9jfHRS8U_,Portland & Searsport Dredge Update 3.22.19.docx
1jjpq_hqSpYaoAT8rMvszn0kgl8y_QBFh,Portland MASTER NARRATIVE 042620 Burns Edit.docx
1ZShWEWFVmEgduC4Jvqj93_tsrEJ8fz0y,Portland Harbor CAD Cell Project.docx
1KQpKShVymuU7QYyf1rePXymS4C-POZtk,"BUILD, PH MASTER 042920(2)wbn and mbb edits.docx"
1yQGxNXiqkt6AIyEH48d5Eiy5WAmw57X2,LeAnna Meeting Portland Dredge.docx
19nx7_EIV09s-u-p8VBydmFx8QLjfPNmX,BAVN to JPJ re PTLD Dredging.docx
1ckYGqBrElZPWDJTdEw0DxQZScIuAuMdE,Draft Beneficial Reuse Permit.docx
132WUBSHrCn_eBTJo1hyUyUcKhb1M8stE,Searsport Dredging Meeting June 5.docx
1yHMSpQP0MvSpak8ZsIoWoR4UrBtOcfb_,MaineDOT Dredge support letter.docx
10ncsZnKyMhKaFIVoD02a8x3NFdjJGy2X,Portland & Searsport Dredge Update 3.22.19.docx
1iIlzAKP1qXXlaipmhopNrXOVEHZx02XY,MaineDOT-Searsport Work Flow.docx
1k5b448QK_pk_-u_0KR9RqPjOuMl-tJe5,Draft Beneficial Reuse Permit Notes.docx
1tpD-O-3cBl0QITLIzddH8GbEdEhkkQCu,req_imt dredge_408_20240925.docx
1fx_lO3V2hllbkpPHXylHTUkdDy-roPNB,rpt_fva_imt dredge_20240916.docx
1bPz_zU9Xn7uRXpqMPvMUSphAN_WfAw6u,app i_efh_imt dredge_20240916.docx
19fPjg61-IlMSwyBWy43BE1Nj7T7MOnh2,app j_nlaa_imt_dredge_20240916.docx
1FPng7d3V425pp-EVaiaNzx5RJiCOC9zX,00_ltr_mdep transmittal.docx
1AcJHgNSvUUpII8fYZ0KaeBANUZRBNSDM,02_IMT_dredge_permit_cover_toc_appl_20240920.docx
10boJ1zuLG71nTjPAnDlKQYVw0re_Ugs3,03_IMT dredge_permit_text_20240925.docx
14XmPanm8ElTjXDlmnNI5TykxDR9uQD9a,00_ltr_usace transmittal.docx
1UWVwaIZxFJg2N8fScqwFCCLKh3cBved2,Burns CCE Study Comments.docx
1fUYrGIhXSZedSLrcGgC2ytbJnBeWU8Sa,GIBY NOGA DRAFT.docx
1QVuSYAXv514VhSdAfHN_9DesKPI1cU4a,Final Ports Reccomendations 12.9.21.docx
1lUvysvgh6ndCjtghaAR43qxxMdnmL1Ny,CruiseMEsection506.docx
1Szi81fFJPlrUPHEw_t1X4k9OM0J1xpuw,Seatrade Cruise Global Sponsorship Packages.docx
1BJZOdKpPAVI9qbVneTBAlvRyHJlgAbbO,MAINEBIZ53017.docx
1sf0jna8Z08QXMm87AELiQM0eJwR9Gbdb,ePort Profile Cruise.docx
1dRxZQ7r9Ldxa7wYWy52SZUrGUKs3WMKZ,RocklandPort Profile.docx
10m9HSC_lXxgPPegjS3wDceXJEf4wj7H5,Portlandportprofile.docx
1xmRcQl6cG8wADb5cptVknczRjrBmoPPx,BHPort Profile.docx
18GMmWt6csAc7TmexFR9dLGOhFRKUDdUu,2016 Year in Review.docx
1trWt4yqyI3ZIq6kyzy6W3Vlxmok8Y730,LD 450 Statement.docx
1x590HdSxsfU_qigDXfdhRNSyfZgV3V98,LD 450 3-5.2017.docx
1yOc6dkQQN0fv-kGc4cMGju32nEZK8OlL,Testimony In Opposition to LD 450.docx
16peryNx_wdZzUlnP0jdFGTLp5R3P_siG,128thlegisCommitteeEnviroNatResources.docx
1z0BiPKsXIyYAJ5jIguCa_ErqdTyLZMlY,Reasons against An Act to Prevent Oil Spills in Casco Bay 3.6.17.docx
1PPhPK5p9YYzaeAuKiNDHJxtNCuVaVbCZ,Princessportletter.docx
1d5vQvV56BGlDog8BeRzuN98L-8DExpDt,TIGER Term Sheet MAINE 05-14-10 - V 2.docx
1stNczSpUmyLsCkkqj4_NlAntNBL31aHI,Revitalizing Maine's Ports Performance Measures REV 01.docx
13SAakiStmTlqI00lNRXdwGqetY3kiTGB,October 3 2011 Report to the Board.docx
1AKKciY1AI9Zn9bKELRBn_Jfiegd5Xia9,grant extension letter.docx
1M01qnk8iMl2JodSc--Tv9C8b798pT9Vz,Bryant letter.docx
1pVEA6GdDjeSq27e_Zm7mln7v7FsCZ-X8,Close_out Documents Checklist Template.docx
1sy3WFzouRiyLzPSuAOR95316VCOm_MV7,Bangor chamber newsletter  searsport bond.docx
1yDgu_63Go7069ZHQPslS9oz498bF6Bwu,millinocket letter of support for searsport dredging.docx
1uf_ZiGvi29USN-ShKt8-DuaW8A_kU77l,Searsport RFEI.docx
1GqmbUYuP_x7-axWH4ReA7X_oIOD3Z151,Searsport RFEI vJH  080509 Final.docx
1Kc8zAkaGplXGNAQzLLUu_E7eLG8LbCy_,Searsport RFEI v2  080509 Final.docx
17bbu9m_drUCFbZlSCdM159KZXH06iu0q,Sears Island v3.1.docx
1Lta_NxLdXaFkhkYzHN091bGbb-5APAMk,Questions on Mack Point Searsport dredging.docx
1l4b_ZO3e9A16ylP-7n7NEoIt4DQvGuGp,Port Development.docx
1klVgc-iAwIBrkFW5hO5wVm8zu66rjozD,Notifications for Public Information Meeting for Searsport Channel Improvement Project.docx
1ZsrwKmlwAsL-lBRBQpc6xH3G1HIO9UvR,DEP petition.docx
1Jw5acxD0JvJgfNZgHNL52_-AqHAereZJ,Bangor chamber newsletter  searsport bond.docx
1ILUcUSQBk6kUGZasvg1BxzVw7N9sZVPx,An Alternative that Isn.docx
1fIWT6gjQjsSzAbp5mk_qLf5bx83ff3XG,EHP Final Screening Memo 10-14-09 Clarification.docx
1BUnAH2VL_UPhP4Gwe6IrXw9mGzRPlTEx,PSG Funding Summary.docx
1B1s76Dq4OwqORE-Z5Xx-rMxSBHx74YVP,reach stacker sole source justification.docx
12_Yb57F6fqq8ROmBgdU52_nOsSFL2tuv,Reach Stacker Sales Contract.docx
1EERc3dfWWOqxNsgjDohcPOjJBbaAL-Ox,Maine Port Authority Eimskip draft contract (JH).docx
1gDWAkB0fV8JN0NY74lmX_sitZfnyMuHE,International Marine Terminal RFP.docx
1EtAJT55MuCAHM6K2CfzInipNJF20RAg1,IMT Req for Proposal T&B Rev 7.22.11.docx
1Dlc9p1H3tumaz-7rTg1tNGlS-6IjxA-e,CAD Cell Fact Sheet Final Oct 09.docx
1B638y7Z-5QJ6R_Eyr50fC-ODOJyNh0xF,MWII In the News 2009-10.docx
1rZAfxZTk2K56gha_a748qtNUeVuGxHNb,Draft Agenda StatoilHydro 9 27 09.docx
13aLHHsA-HMMYcy5nRPxmfRLWzVmc5-XA,Maine Industry Associations Commit to Renewable Energy Economic Development Agreement.docx
1wVP0JKBFfsW83jQFzNrI8duog8KPcHAq,SCG-MTI Letter of Support 7-12-2012.docx
14IVdsmgdhm-6RF06a-tqfMO0wQgEXXyB,Two Port Strategy.docx
1ElLMhxab7DeEk5UFn29839ht35PqnMfc,OPEGA Report.docx
1Bb3YAK5ShsqNsTNSmnh4rRZjEoY2YZJQ,Policy Number 100.docx
1FE5SrRJe88PyNAyYaF0vzpxWgXeKx2pa,Part 1.docx
163I8qSgi-uPOZql3kSEHhN52A1ZT2lTu,MPA MRRP letter.docx
1sZsQXVWGOEcxrP3RSVVshQP72wW8GY3E,MPA - CEI letter.docx
1Kgll3erL3Ybv352tXdtwss48QOJYGr6U,MENADO director press release.docx
1x5RNDaUiwazh4NgFdbHMzjovc_s2TSh1,Eimskip MMM.docx
1gdv5961M0cy4z4E_7ZlIbynioAJ6vs6G,Connors letter.docx
1mjHo96INkccLcj-ZWNnF-Hxt6xJD8CEW,An Alternative that JMS JH edits.docx
1exDcnjXMTSeVsSsyjTthUM2YB5sJtLIu,150518 Trade Day Text.docx
1t3acg0mXvkVdGYb6UHrAWEenERl7CwiF,200-1 (2).docx
1Y_kKm3P5czhLVzh94DzBj_KDGMni9cH2,Worth Recommendation.docx
1IpGru4p_sroVa7D0KhCT9LA-od8GkNC4,Report to the Board 5-24-2016.docx
1ZlmY4dEU8oTYM8JTtYG_2PVJGOJqjzCI,"Memorandum for the Board - April 22, 2012.docx"
13B7Vj_zTbu-JUfRuz0adyku_56x9XZU6,MPA letter to the editor.docx
1X5HvKBi_4SgYOMW5qVRDCJjnpjSNG_4_,"Memorandum for the Board - July 23, 2012.docx"
1W08NuTMU-ZM7QdxpW0VUXd4DDHXjEIMS,200-1 (2).docx
1hL6w-MsyZkPy4liWwWWLJx93pbhL_V8g,January 28 2014 Report to the Board.docx
1o12fBeLrUH4D-X-BoOaK9vrv_3fsnN9l,Memorandum for the Board - May 24 2013.docx
1P8SDW8qbPHy3yQeO2cHQuPYh6RC0KHKZ,June 26 Memorandum for the Board.docx
1t0GrrBp5KYztDaS7DIKykBd-joBVSTm0,MPA RETREAT_121212final  docx.docx
1adyrF73qOe44ex9Bgou--jqK4gPcPblv,Draft_Minutes_June_2011 doc.docx
15pppWsiztL9VhSSNQ5cSx343yOG6Hphj,160310 Board Meeting Notes.docx
1fIbA7wOIwvtaWkeMdkvauqmyA3kOxgbs,2012 5-4 MARAD Visit Itinerary.docx
1p2jMe3IKvnop-XQ-pO_piFbIaxxB73vp,Pingree says federal grant will help design new vessel to provide cargo service for Portland.docx
1xniuGJh1eD-nf_epVjD5xVzw6NrAI14-,NEMHP Coop Close out.docx
1KgRujDWMvubXdK7w85fMYw8Lf06vMveY,Cooperative Agreement - Maine DOT V2  081012(ScottJay).docx
1q26pcAYngvLz2cjilW4zZGqAn-8jPm91,IMT Engineering Design Issues.docx
1qhxPMxrgLZoFMC1SRuTUJ1oC6EbNKBwl,Interview.docx
1X0os8BVAhYmZpTl2QDzNLPZI5yiM6WQ4,Ports America Terminal Damage Timeline.docx
1-cN_dMTYCvq35HHYIW1l1Y8BkHV4_0jW,Rail Switching Agreement final.docx
1tIXMErBKKWUDrswfsog988wte1vwiFwi,MIPPP Press Release.docx
1HSNNFx7SQuFy42cnWTP63hse_N2DdRJF,shipagentscontactlist11311.docx
1wT7gIQZwrMWN7IRK1qIfWH0cgu8pZX9V,HAL Letter.docx
1DTlqhHNiFq7KLVPSi23Rs1BtoixFN_XF,Comments Matrix - Open House for Bar Harbor Ferry Terminal.docx
1tU17Wsod6sp63uLVrMFqbmd-IN3aVcRL,CM_Duties.docx
1cAh_zhqB6p9egWe0jwacgtFUQQOVQWe6,IMT West Proposal Scoring Sheet.docx
1NEzCyFMpVHV2LpwEy5T6R02TbBjKc8Tp,Review Matrix.docx
1sjPXUlhVixIvUF2vBi3mMIHb-jRKRY7m,RFQ Questions.docx
1UbgKgTNPC6Q2gJJEkgMoC1-myDeHMdHd,080315 Cold Storage RFP Questions and Responses.docx
1ddzt8Onf2QNXhIfx8Qi3NjnTj2pp2_zQ,Ferry Terminal Letter.docx
1ghlO44ojryZxiEwiQDPqhtoD-9VwaA68,Draft Term Sheet Rev 6 7 12.docx
16DWghz1NZRywI3HtB27PngEr3_C1CTWD,Bar Harbor Terminal.docx
1KVCHTS-1QfbBpLc8PXyTI2UUsMk6AhTH,CLIA_APHIS_AQI_User_Fee_Comments_7-24-14.docx
1VqfZhTmdxIZK025kJ-oRwJUjsnwAawEo,2017 Discover New England Summit FAM Tour Opportunities.docx
1z5Ct4RsVDQtVBX5TQhSP1r4k0ZSElDkb,CR Mission Europe 2014 renereport.docx
1vWXyg-38zZ4biilfQhPjoanWpNx8S9tw,B2B Meeting DetailsHamburg.docx
1heKEEHl60yFFj_lWaBIBd7_JRuuuhixP,CCNE DRAFT Strategic Plan 2017-2026 - MV Clean - 04.20.2017.docx
1YBBumSw3ryobjeFdPr-cydcx9Sst8uXU,170720 Soli DG RFP 201705110 Response Final.docx
10KAaYl_mnhvORj3yiZNoF6EsllkQAyma,CruiseMEsection506.docx
1j2flBl2arfKMksJrhYLXFJ5_bHISWbYt,MAINEBIZ53017.docx
1Eb4gRwYOPpNpI-1MYt_nsnbhgeu7i-OW,2016 Year in Review.docx
1wtK3_WrUSWEj1_oEwwKIxmLOOYZThXMJ,LD 450 3-5.2017.docx
1JFbhFoNbra3RV5f3CqJmVwId8cbEtzPo,128thlegisCommitteeEnviroNatResources.docx
1gILwyV_eCWAaC0oU8mTUMrJFvEnpp9ZY,Reasons against An Act to Prevent Oil Spills in Casco Bay 3.6.17.docx
1MHiEyRQalV1HtI6I2cBoONhRJ4fwIu5Y,Testimony In Opposition to LD 450.docx
1bvYX09qk1flYBNwXyr8pBnBlTEst2SYg,Princessportletter.docx
1uk-bo7KlJOWq2V1h9-LaH37lhI4NynOo,ePort Profile Cruise.docx
1hW6U84HtwANSXGtOixw4AzkSTYvUFLr9,RocklandPort Profile.docx
1dgnY282GlEIgcoPKTY0GaMbVen9K1Nx2,Portlandportprofile.docx
1LAB8BhCJemd3Ff0J3ijX-wfiQcJgdNxS,BHPort Profile.docx
1d8_XR78J0qgr8CWOJV_5CLcFZ5KgOo1g,Bangor chamber newsletter  searsport bond.docx
17dWN_2IL2DoehOKzu72_iqxsWJN9ijyi,millinocket letter of support for searsport dredging.docx
188dXUnppQ42Fyk3XZxYGG0TRHsGwLI5A,Searsport RFEI.docx
1JQvDhHD_hPt63DaS6CHgHVIkFOxuWTGz,Searsport RFEI v2  080509 Final.docx
1LZLUSlIFN6nsMBRXTvK2_M-ALKZLm4Cy,Searsport RFEI vJH  080509 Final.docx
1YKrHicA0mgwkbg-TJ6kaobuclzp_gY7u,Questions on Mack Point Searsport dredging.docx
1ZdeA0GvbZmh---NHHRIaY0rS2M-KZADZ,Notifications for Public Information Meeting for Searsport Channel Improvement Project.docx
10hmywhwHudIDXJXXDIZhmJ9Au3PkB6tW,DEP petition.docx
1wk4LPbJ6hPEORDJWA1GgBlgMbutX8UJ_,An Alternative that Isn.docx
1IbOU1TkY7cNmZzHKZHDiv9wmiOmmh5pQ,October 3 2011 Report to the Board.docx
1eDul5z_JSggO8QzPiRF2TGc1kce_LKJb,TIGER Term Sheet MAINE 05-14-10 - V 2.docx
1KZOzBV6x9WNZPFVw_c1_q_RzXxjkoC9d,Revitalizing Maine's Ports Performance Measures REV 01.docx
1maKs9GnN6pVXSPbCB6IpTD8M1GQfSm1e,Bryant letter.docx
1bS8jJyhNEMKc7JNc2j--8t2Pfvxn1Mto,Close_out Documents Checklist Template.docx
1xHnyy1RdQV1bGRLeGggSFR-lLtpJlDZl,grant extension letter.docx
1jTSQJSg3K7HKTSV5mmc80XTpm8iv4eQs,PSG Funding Summary.docx
1BVlqJmS-usm_zxOkoGBcWKaIKMNvX9y1,Reach Stacker Sales Contract.docx
1i33tO04pYrmg-ahFKXwZAA0qGamUJWaj,reach stacker sole source justification.docx
1umQ5RQF2eeHaCP9EMNz4F-PcO-M5xi-O,International Marine Terminal RFP.docx
1RWMCG7-9duCWL4sNe2VlY2Q2Xe-Y8Gcx,IMT Req for Proposal T&B Rev 7.22.11.docx
1Gnv8WxBDvyOCDDlxIZ8raoA0xOjeAyJH,CAD Cell Fact Sheet Final Oct 09.docx
1rHF5249iOrIeoF003LHKWa0dFg57Ql32,Draft Agenda StatoilHydro 9 27 09.docx
1GDvmqGUt4g-EVYLfUFZSRwTztDsJSH6Y,Cooperative Agreement - Maine DOT V2  081012(ScottJay).docx
1a08BFr6o_vd_d2vrXlRbbfBYDImo2xh4,2012 5-4 MARAD Visit Itinerary.docx
1Ey98adKFyaubVv7qJH5Ou4ghSf6ALMRp,Two Port Strategy.docx
1z1pKaHrRKxgyms9d9ihlR5oD3NmyRuOW,Policy Number 100.docx
1Pb6gCMLieSt-835CQCbuRW0RxPWcKj1-,OPEGA Report.docx
1YDL0CZzrxKUpMuJmQ59y7dqGRL19VNXI,Part 1.docx
1-M1Kn37_NtqlUyA-WlUj1AJjv2rw0QHr,SCG-MTI Letter of Support 7-12-2012.docx
1ILQkt-rF4ZypFuL96j26PlwIdzuW_Nu9,MPA MRRP letter.docx
16WK1oGlnRn52DmDVmYDF6onii7H8o7-n,MPA - CEI letter.docx
14hXMu7e5omPgDBcs8qy74pIiLBG3ciyb,MENADO director press release.docx
1t0VVkDceQUaJONUMG_ZBswN2hNaRZChW,Eimskip MMM.docx
1_XBVAFvFlosmxwNYMgb2XLTk2W-3tXi5,Connors letter.docx
1pNak6XQkJv3-eCQW1WSF8qbb6J14XMfu,An Alternative that JMS JH edits.docx
1vqm-zpq7Y6Uq-E2btEu8H7hDM4CV5i79,200-1 (2).docx
1e-GvkHbSVIGSkBJXwnsmsQv4LFkveX2M,150518 Trade Day Text.docx
14gmViEssNpByyjFm_JGSPw2RoVUsHQC8,MIPPP Press Release.docx
19wyL5TYC9d9B7CFiZkPFLB_d-8WEBCMl,Interview.docx
1cXnMKZCya2BmgiJqQmidoqtbNHnl7vdc,Rail Switching Agreement final.docx
1H_bbs_y5D1R4ztFsCtwl2UJofS40p5lD,Ports America Terminal Damage Timeline.docx
1tJ-1rJ8qXFVmwT8iGcFG2guN3mTPJ3v9,IMT Engineering Design Issues.docx
1SlVh3yyr1WRixKymxWJk6drEPtQ5Bj_Q,"Memorandum for the Board - April 22, 2012.docx"
1LVFEhVG28I1KywocQBqzgVXqC52ot2cN,June 26 Memorandum for the Board.docx
1uNo5uM5OlLeRzMGxXFQFcl9YAqYw2mkI,"Memorandum for the Board - July 23, 2012.docx"
1Fu60u7IIGyfhcXhJgCP7RR0vKb27ET8J,Draft_Minutes_June_2011 doc.docx
1wtg8uKzw-weeSckIaXwGQzjOEf0L0miS,MPA letter to the editor.docx
1k49p4l3kx6HfIdNA6I7W3iIlfy-wig2V,Memorandum for the Board - May 24 2013.docx
1vRCkjDzBGmZ-s5wYFUzjwn1RzV5pLKZK,200-1 (2).docx
1u9_dhcugFKSBVLQXwl2Rq7tQjna2FBbo,January 28 2014 Report to the Board.docx
1tHz2hH7loCumV0rgJ1u-zw-cCTuL69I7,Worth Recommendation.docx
1mVf4wi32B8lOWguFWNamI0iJEfxGhkhs,MPA RETREAT_121212final  docx.docx
1RRGUPptX9wEpTWH0f8Z0yhFf79ssx784,Report to the Board 5-24-2016.docx
1JqvRx-8aJ7yjY-R-WG8Li52fqwtKonLn,160310 Board Meeting Notes.docx
1ZOCyeuXsLGGoCu5uFwEjllbQeTCUZ6Vq,Review Matrix.docx
1LxzbVcVe1BgryPJ6YskE5L5ytxN4p3An,IMT West Proposal Scoring Sheet.docx
1zz0ZCxM62DiS6STsJT-xTdD2DfbP0EaT,080315 Cold Storage RFP Questions and Responses.docx
1LSly9VuqaSi1cvzD2A1BHBMXKpKIrBgv,RFQ Questions.docx
1gJ3acF6wRKQfbakRg4OT5GbGsNv-mvHx,HAL Letter.docx
17bdguammPxwwe8zGaI4pS9LDe2KBBxCb,Comments Matrix - Open House for Bar Harbor Ferry Terminal.docx
1kid8KICqmtpgNJMuxpvkKswnOIfYuHwm,CM_Duties.docx
104Q9BVzogFerTA25I_lqz41gP3QLrrGA,Ferry Terminal Letter.docx
1_tpcRAu8Pnxi1J2NCo9WKEi9yw7QT5NJ,Draft Term Sheet Rev 6 7 12.docx
1XslZFW9GSRGUtCIwKvYsJ9eUqLpmtG9q,Bar Harbor Terminal.docx
1JSKzI-ZFK1hYaLsgn9mXpcmtzq9hqkEO,CCNE DRAFT Strategic Plan 2017-2026 - MV Clean - 04.20.2017.docx
1gc7pT5n_2U0QfPi8w4sEhH3DfksYFJla,2017 Discover New England Summit FAM Tour Opportunities.docx
1vXwQjvlZOoHiNsL9OrEl3oSWci2TyUra,CR Mission Europe 2014 renereport.docx
1ujGU2IW_5Hv-RPHcLPGbUimbFPO7a2vL,B2B Meeting DetailsHamburg.docx
14ubQVQ-kgNgYs06O5pzzDPkjqhY4kv7d,170720 Soli DG RFP 201705110 Response Final.docx
15XLt9xAv_0RmCeBnPBGUX-Kbm7Ozrd29,Tremont Moratorium.docx
1u56EfDR35grQ5xmioVI65DBgECNsa2M6,Ideas for Cruise Ship related visits.docx
1zxqvAQmusPPa046haz3TATqD7ObviOOm,Tremont Moratorium.docx
1omAx_a0XSlbS_YaC60NM9XWq6Y6xeCLq,170720 Soli DG RFP 201705110 Response Final.docx
1r5lZFSgMDJILeXVhw47C0U046Hzzusr2,CruiseMEsection506.docx
1RAgEUuvWMz44ofyqU6NYv8XoD9jXV1bl,Seatrade Cruise Global Sponsorship Packages.docx
1cLkyicPFGwbjHf953LQtOsG_NKKG5tE0,2016 Year in Review.docx
1_PV8srWVTA_7ToXVq87WSge24UuELl5l,LD 450 3-5.2017.docx
1debyE0H8_3olPoBegztbaNYdpPzf3WLV,Testimony In Opposition to LD 450.docx
1sjKC1YRDog_VIqNZ69WNL3FQinhIXv8M,LD 450 Statement.docx
1k1cnOcUUjX3rFl8BXL7zM--hiMRZV9tX,128thlegisCommitteeEnviroNatResources.docx
1pRwMzafRdlmdjMncwskGODFAytP8OH7w,Princessportletter.docx
1mEuuifll8_ijtE0cX7egd9s_N7gv6-TS,MAINEBIZ53017.docx
1reK7pCsQT_rRb6k47CRqGdUEVYI0zh8J,ePort Profile Cruise.docx
1y3jQXWhROBP1IhdjMvmk5fRulZu3sgGN,Portlandportprofile.docx
13vwz_fRWMmm6dSOfIZGOUxFTwwvyM1Nd,RocklandPort Profile.docx
1s7ctY-ih4Vs-XxUOVGf1xClO2qU0K-Uo,Revitalizing Maine's Ports Performance Measures REV 01.docx
1yztQ3acyRYFJE1MyM0m1pGTupNnykKRz,TIGER Term Sheet MAINE 05-14-10 - V 2.docx
1wulvLpnpfwmRMAlcCDmSyWJDZHWFkKoS,October 3 2011 Report to the Board.docx
1YTeU9zyLqIaiZeKAY1wwKIBfdHfQyMeM,grant extension letter.docx
1EBfpSnZ7VLVNng0nuNs2nWHuLQXmNoDU,Close_out Documents Checklist Template.docx
1ZAP1jpqgmAqef_HaDkcHiDvc0Lueg_sg,Bryant letter.docx
1VPJLrzapr1567ozpfyycr5U5JG3h8h2C,Bangor chamber newsletter  searsport bond.docx
1E9N6nhD0eVNmJEYF5tZT_pprwmmyu8QV,millinocket letter of support for searsport dredging.docx
1ONkVDP6sCRKThmVzLoyt4apS0sD7XBh2,Searsport RFEI.docx
1eJqtB2QHGuiBZ-j8NcFr7pot8lf6nLLh,Searsport RFEI v2  080509 Final.docx
19dLO6CWyl4u2LIXMmz0bsg29Vv9wLG-b,Searsport RFEI vJH  080509 Final.docx
1dW0Zgx1G-D1qi8gmFVF5tzJrdRwTmB1f,Sears Island v3.1.docx
1H1qP5dUqTo-hRIEw7a9pi8ywCAQO04Kw,Questions on Mack Point Searsport dredging.docx
1uiDdAeHSBaBhH8v6qWuJivVJ-OjNHiPm,Port Development.docx
11aHubAoDGiDGESA3OYFV3aAcGMmPMjZW,Bangor chamber newsletter  searsport bond.docx
1dSm-2wfQ09aZcBmmxpnq7w-yc6Vj-i-O,DEP petition.docx
1Zt0xgaZLJKfRzh5u5FSosaeTYYE7eqj1,An Alternative that Isn.docx
1UbxQT8z1uKGLcW5Dlqls1BXYbcbvp9rR,Reach Stacker Sales Contract.docx
1uLZPNsbFNdQA0sM59cha9VgP7SXFKIfh,reach stacker sole source justification.docx
1WCQ7-QgL0OBcfiKHliAyKgXmDseiXBQa,Maine Port Authority Eimskip draft contract (JH).docx
1eYfuLGW90jLQEN0TdNR8BMqfupsxh0az,International Marine Terminal RFP.docx
1NQl4FyjmPYX_vBEDGi2uSD90Rtb1qQ-V,EHP Final Screening Memo 10-14-09 Clarification.docx
1pb8r2zYthnN5CtuB_E10F9WHd7qmsHae,Maine Industry Associations Commit to Renewable Energy Economic Development Agreement.docx
1xVuaYnD2w-n3N96XDVQrfYCb-JX_Y7OQ,Draft Agenda StatoilHydro 9 27 09.docx
1z9Qr-l171hmOj-NS4ntjIQjbhzPMxC_S,Two Port Strategy.docx
1Mo3WmbU_6w645rInzkPybbZNOWosOqar,SCG-MTI Letter of Support 7-12-2012.docx
18S6O5yyGBjeMy6dbN7W7mmX4Kpe1ZiDe,Part 1.docx
1MzAon4M7erLKohsnOTYDM6ggRxvsoJUz,Policy Number 100.docx
1A8Bph7_LaMBpP9rsLF74-K7p5ti3fvRK,OPEGA Report.docx
19egeADnpEYURpVsdYZGsa5IGvPbXzvMB,MPA MRRP letter.docx
1PUHY9TtzMqH0Xc74shFz_1Neqngm4Huq,MPA - CEI letter.docx
1gFr8o9eT60Qu3XCnS5BqOlITzRWUGQU_,Connors letter.docx
13Gx5LFFetljtFy3DZJY_nAsbzKD3HPyF,Eimskip MMM.docx
11ntv6eUQVzcJdwKFWA7fObN3GhdlZfIM,150518 Trade Day Text.docx
1kXGT-BbD3_XI6jgP5amXUpdh-tnkCTbu,An Alternative that JMS JH edits.docx
198nHkke0ihJHx-gyCsufvJu9m2JgWTxC,Report to the Board 5-24-2016.docx
1B-FZk_jgFAMlwjYZK2Il6WsQKI2DybCI,"Memorandum for the Board - April 22, 2012.docx"
1Y_7XvZB_78GLxrqhfe1mpTOe_HoL4XCm,MPA RETREAT_121212final  docx.docx
1PRvzo1UzWrVJVJ4CvL27NrYsR2ENu_Sm,Memorandum for the Board - May 24 2013.docx
1a4GnIlGWGgG5TU9GO_ohcHTxox8vUiv8,Draft_Minutes_June_2011 doc.docx
1phLsDdAmtD68GlgGQ09yTzmjb9kmmreG,June 26 Memorandum for the Board.docx
1emSs_IXejNrFLq9-3X0UajNkdcVcHaOj,January 28 2014 Report to the Board.docx
14aPgcVsY65IB0FrHgIZFLRsO_oyhGCjs,160310 Board Meeting Notes.docx
1JJV8UJ6LaHXjLfDYBfyrPgeLAzdFRoz5,Pingree says federal grant will help design new vessel to provide cargo service for Portland.docx
1wBDykbBeKH9qJ8VjRh4prNeA4eG0S1Pn,Cooperative Agreement - Maine DOT V2  081012(ScottJay).docx
1gB_ui0NsVOFVHfyPCP4Y8FooTQloq5vp,NEMHP Coop Close out.docx
1xD5FG65AFvXtjCgG-I_ie4Aj-2dQfwvP,2012 5-4 MARAD Visit Itinerary.docx
1ftrtlM9h0XmB0KQYNnRGdGp2PgtiP9xn,IMT Engineering Design Issues.docx
1ZwSB5CFVPeuoLUqH-HTpMrWc_D80ZbOb,Rail Switching Agreement final.docx
1SiMNxrHRSeQnvigRkgOSp-hKsb-c5Atv,Ports America Terminal Damage Timeline.docx
13pKdBpuH6DZYhjxYvWNH6W9BIxMb7PCw,Interview.docx
1IYNIEHg5T8lSvOAuAS5ex_q8cPZDI_My,RFQ Questions.docx
1ayqJnY8ZxmcteO2xzWTL6DNPIaPYdF3o,HAL Letter.docx
1mSBX94YlCpXJQ3zc2hSe-0j1JR0Sa-Jn,Comments Matrix - Open House for Bar Harbor Ferry Terminal.docx
1D-P2rpB4on5gpNCX0LDA_j1BVexeVfwM,CM_Duties.docx
1szu44H8ueGX6gXz5EhN9Ej1tC78jxxg9,Ferry Terminal Letter.docx
1gizisJHmhCIIU22-H02EUEfqLkehk8e3,CR Mission Europe 2014 renereport.docx
1V99_TQXV1eRsoVdrFcvrIEamAdzJijvw,B2B Meeting DetailsHamburg.docx
1w4fCez2OtZwB2sM7UDWbLdrzU-bUCESU,2017 Discover New England Summit FAM Tour Opportunities.docx
14T4Zx5-9rbSqHv-unGsR2KjSOoBjnH9E,CCNE DRAFT Strategic Plan 2017-2026 - MV Clean - 04.20.2017.docx
1o9nQ3W8pjX2KUFszccHVl9voRgT7T2ir,CLIA_APHIS_AQI_User_Fee_Comments_7-24-14.docx
13sJl4GM9UbPc0gD64LHtrmv3wq_ea-Hh,MAINEBIZ53017.docx
1_bw0bwt1c8XffH8CFPwtZdGgRWf31XIS,2016 Year in Review.docx
16VwoladkfpVrdts829-2pXKURLiFQher,October 3 2011 Report to the Board.docx
1ijPNnMQimGHcbD2dPE5wjEivG9Z5bUQ6,grant extension letter.docx
1glnOQnEzuo6AWg50DcwYh9eJWupbjKKB,Close_out Documents Checklist Template.docx
1pq1bKMV-eUbIyNJWHOtHo1WuSftKc47m,TIGER Term Sheet MAINE 05-14-10 - V 2.docx
17ZHMih4sop2flg603iId0hv9T4VrZ-Qg,Revitalizing Maine's Ports Performance Measures REV 01.docx
1NSgQQnEj3It22fovp_3EEMH78HR2qKPj,Bangor chamber newsletter  searsport bond.docx
1WF_eJaaKxD7Isa5b-JOwnRhrkDel-f11,millinocket letter of support for searsport dredging.docx
1WpaQejZYQXcyPExBlqIN1gNPtPdIWH8a,Searsport RFEI.docx
1RCkoombeIJ_ngSxVeftl7YvICrBjJWV5,Searsport RFEI v2  080509 Final.docx
1ydxtSh-AbDN9qrv0hUbErmdFcS2h2nJX,Sears Island v3.1.docx
1HxSLUQwFxGuclFR7L6bU8WxD3yMJrhUk,Notifications for Public Information Meeting for Searsport Channel Improvement Project.docx
1OY4Q3Vt9ZY8U-r_wARg45UljFgBXf3hQ,Port Development.docx
1GncFf5DHNOPaR9yu7GD9fOizwLx6yUjp,DEP petition.docx
1zElXxwbfM_re7B0GtOMM4SDDL40nDtnR,An Alternative that Isn.docx
1rrStMN_PH7JYu20XE0yxdrbtFcN4ItEk,Bangor chamber newsletter  searsport bond.docx
1nEbeSKQF7bsyx1ALahzhihCHx9X9NhBA,EHP Final Screening Memo 10-14-09 Clarification.docx
13CIPP4MW2qpC7fyOdYnX6-GyiQdV36K8,International Marine Terminal RFP.docx
1dbLAqxCeFIQkG9G4P9gqh7QW5dmX2YbM,Reach Stacker Sales Contract.docx
1_2v6XcT5GvE2FGoeQECNh5e8cNhXOMT7,reach stacker sole source justification.docx
1hdIm5a1NRQ9IUELo5Tm-aW6iA-PotSsw,PSG Funding Summary.docx
18SXtBq2n3G-b4dVEgT69rbNE51Vd0RVE,IMT Req for Proposal T&B Rev 7.22.11.docx
1d4kg-GQApx1_VX0NlP8oEdaACRS8k6J2,CAD Cell Fact Sheet Final Oct 09.docx
1GrabVa3xvUGI1YnPLj7shumJ6PGHcM99,Draft Agenda StatoilHydro 9 27 09.docx
1lL75z90AaCtzJ2rdojXvoAy62SpMvP0X,Maine Industry Associations Commit to Renewable Energy Economic Development Agreement.docx
1KWegDv_MjE8kffWBxAy3fCgblm9MUMGk,SCG-MTI Letter of Support 7-12-2012.docx
1Jje_CCzAAnxdyJgkM_GRUlfDBExtFz7Q,Two Port Strategy.docx
1SADjgG1AGMlTT4fpvSRn5usgl0tvn3sA,OPEGA Report.docx
14lL76j0nk9nBadEWhEREceeVmPb2axEo,Policy Number 100.docx
1XMqVu9F1GQtDu5C_DcSuB2vPdJFclV0V,MPA MRRP letter.docx
1ML8sjG6pbZm3-QaTxUx-xvB5lQEjlqB4,MENADO director press release.docx
1CBJVVEAzbzHRWaJpnK7zCVEqjQLi5rE8,Eimskip MMM.docx
1h8khE4xDPvPrTtAGIIx2IqoYg4KmFjHo,150518 Trade Day Text.docx
1Xr1GlebJE0Y74WFT78ZPD9YXSMlv2O8W,200-1 (2).docx
1-OjAg3pSlQfEbtxLnZfKbTjjzpi60Grj,Connors letter.docx
1AZujODOk5vFwCdM-E40ze6TdLu4sXpTk,MPA letter to the editor.docx
107hMG7-8vTWwNOluaWK5W99AF5jfNtBV,Report to the Board 5-24-2016.docx
1lqYU5EVE4-uLo6VVBmZ5f70NXMbvImyF,Memorandum for the Board - May 24 2013.docx
1lW7tUNjIODul0WtNczGUFkfiqu4HgC0A,Worth Recommendation.docx
18bQI5nzDKiWCYpeMVPDYia9JlC-YCTLT,"Memorandum for the Board - April 22, 2012.docx"
18ofgJDp16vY4MspOGn312jQFTRN0rn1p,"Memorandum for the Board - July 23, 2012.docx"
1_RKsS3GHBL10Tb7Hz7J8PstVa5qQ2424,MPA RETREAT_121212final  docx.docx
1bqWaiKHgDgzIXpceVn-6M3PwFV7dnLP9,January 28 2014 Report to the Board.docx
1PLxicsU1Av3ja6kD-hjpbX4BYvukIz04,June 26 Memorandum for the Board.docx
1BUAIAb-pzPUsiEAQVV-vbi-O0ghdIZNB,200-1 (2).docx
1o-ddaMHHt-7m5fhoIHsQfWgHSKdreB5W,160310 Board Meeting Notes.docx
1ygoZdMe5DR8bSUnww69r5QPrv5ETA-Dt,NEMHP Coop Close out.docx
1OJq36OhDRLsa8RbJDsbzjKE6bJLxESw_,Pingree says federal grant will help design new vessel to provide cargo service for Portland.docx
1M1003J_dGMCQ3A6nBfZUknHysM_B9ElL,2012 5-4 MARAD Visit Itinerary.docx
1FHGOW96U9YPnV7twPPOunBG0wkQN9ZOP,Cooperative Agreement - Maine DOT V2  081012(ScottJay).docx
1d5wyMo4S9Upo1TvkyqgfUL9YBJehiwYc,MIPPP Press Release.docx
1FQn7W5oo6taJlM_CVVqv1iPjr-oibN4l,Ports America Terminal Damage Timeline.docx
1g4UKu5JY4MUSpT_FQXnW-4NKLMGIHUDb,Rail Switching Agreement final.docx
1jDx1Phs1tE3oe7vkMFBaltNFtQPKM3LY,Interview.docx
1sw-kZ0kH0-tBngX8rgBhS_F0BTGGTKXn,Review Matrix.docx
1EOCyKyXz4DRMG6tmvq6LMrKoj_zNI87m,IMT West Proposal Scoring Sheet.docx
1j9G4txYb88_97moGRxZ1rnwYFV2gGLkC,Draft Term Sheet Rev 6 7 12.docx
1aazs3pT5lRuDq9jtud9rNFF5bya7YcXg,Ferry Terminal Letter.docx
1OYJHkFG4vrPiUjf9YRYFUhTtSs-OXuHz,HAL Letter.docx
16DQyG5vrUg3-Pp2VIPniLkMbtW_bbtAj,Comments Matrix - Open House for Bar Harbor Ferry Terminal.docx
1JOaMUnMpMxOYmX40ofHG9ERUAlU1Tdsc,CM_Duties.docx
1s3FGRTtoaANoPyAdR5CB-bjWRRVtA63G,Testimony In Opposition to LD 450.docx
17mIIdF__-fhk1_5uIcRfbno65uo-9jPU,Reasons against An Act to Prevent Oil Spills in Casco Bay 3.6.17.docx
1a0hLqKOmiiwCk_F3GS_33F9rNaq2fSPg,128thlegisCommitteeEnviroNatResources.docx
1v6iC6-HEv_o06nNkLJQRx42C6Z22XkmK,LD 450 Statement.docx
190ygPnwo6ZKh4H-L0sEOMV7yXtgJ35vG,Princessportletter.docx
1bQ4qsGjKWgvzc7tvm6crBasrHhXb7Ifn,CLIA_APHIS_AQI_User_Fee_Comments_7-24-14.docx
1me47Enpk1UY6TbLenGuNrBsXeytdNebE,RocklandPort Profile.docx
1R--u-PHYURgi8O6p8Zn13XqCWFyhXtD-,ePort Profile Cruise.docx
1M9Xiy93FsszVfLcGyMCgRzzieHm8oTD4,Portlandportprofile.docx
1X7zq2P3mwj5fRfbTnbkdLVkGfdzF4p7p,B2B Meeting DetailsHamburg.docx
1uigP88JOShDJfyAxT0XWP6K1i1D1N7xG,CR Mission Europe 2014 renereport.docx
1_yjk_q51Av0Pn0iYT23bIt0E8cAi8boU,170720 Soli DG RFP 201705110 Response Final.docx
14voTG86QXAwVxkE_cAEv8gyfM-51vsVd,Tremont Moratorium.docx
1Rwbq03nSZurIWLdSJh4Tx_IpSfPvYTeR,Ideas for Cruise Ship related visits.docx
14I8kEaGRIGIyshBCZ9XIxisq_pA12ZXY,Tremont Moratorium.docx
1xYUqFdPlg6We3R1BdhKYDZ_gz5hp7C9W,Ideas for Cruise Ship related visits.docx
1ZRY8LjR3XXBX1BsyuExiDTICbZs6qMFq,2019.07.13 - DRAFT CM Contract Assignment.docx
1ebOCOsXL4wkf3AGdxnPTBH6C3ZkyQ2cw,2019 CruiseMaine MidCoast Excursion Possibilities.docx
1k4ojborAJ3OU-AR0GPMSjdgISVD9d3wI,CruiseMaine MidCoast Excurision Communities.docx
1Gl3GFc2P52iX85ktYbfiId-a4G3pxQsd,RFP_202003053_-_Management_of_Cruise_Marketing 2020.docx
161a_4xrNF4SHWPA6x1xMZRXw6fgBh4mK,Zenith Economics -Individual Evaluation Notes CP.docx
1FIU8JoE7DtAgzi3pdShcmBLEuIpOu_n2,RCC Associates -Individual Evaluation Notes CP.docx
1KSh3HfXql8UQ_Fz9zhGA9DqxHL7tJiQc,NYAA Science -Individual Evaluation Notes CP.docx
1hby1DHCP5radnBlYY-d4UVIGOABK4POF,Braun Research -Individual Evaluation Notes CP.docx
1PyrMGbStvGBjsID80YwttOrh9xqARYRW,Downs & St. Germain Research -Individual Evaluation Notes CP.docx
1U_nnLDmEOF-7fvEsjBf6cu1a14jOwnh_,MassNC-Individual Evaluation Notes CP.docx
13p9BCnlFwG9W626hpzjPk90I8GvBX7pQ,Digital Research -Individual Evaluation Notes CP.docx
1vQmVG2m3CAbNaHULZdD2sAb82DYUG2Mt,Guidelines for Proposal Evaluations and Consensus Scoring_REV 12.11.24 (1).docx
1O9kfPLmLi6Eg0qeK8pqNoc_vo1XkysaA,RFP 202412222 Agreement  Disclosure Statement.docx
1cJ4BOf_rFUzUJT_jfClRlFPpsuMJNHer,Individual Evaluation Notes_rev02122025.docx
1ysvpdhFC4TAHcGrMIv9T572iU1w0RIrb,RFP 202412222 Cruise Visitor Profile Research & Economic Impact_Final (1).docx
1ZCh44un-R-WsNmUaZZWh1N9gZXQPSlye,"2019_05_21CruiseVisitorStudyRelease, JMS Comments.docx"
1nvbwDh5hlwCkPvda1Vb4iv2V-Op8Wh_O,Coop Agree_Pub_Quasi-Pub_Mun_Payable MePA.docx
1hH5dkcHozxZWHXEDASfLkFAFYRM0gloa,Purchase Contract_RAM_REVOLVER DRAFT (002).docx
1sF3cCle0YcPrIYeKbjffTPawTCsBf1Iu,Coop agreement RAM Revolver.docx
1lcdQEERCglJ_NHCEvFFFCMZuSRfEVYEX,MePA - Troy Hopper Agreement.docx
1FZlbLIAw9Ke1dYJrX4jm_GYGl5s36kwO,TBOND summary.docx
1pbq_JCB8rVcvNUkexzPg3hH5GFio5Vab,MePA VW Veh Reimb Agree Fina.docx
1VNrHvMyOVMzoxBLYxdq7SaLFKpmZ2AsJ,MPA.Nitco sales agreement 10.12.18.docx
1lZ61PYyD3JeAfqkDBPkFDLZKO63DghrW,Vertical Conveyor Manufacturers.docx
1YVTfCresTIaK7M7VWY191AYZmPTYQOuk,2. MPA RFQ RCTS Final.docx
1uXNMuA9TqPAovHirPhD8g_zuZEVE236q,1. MDOT RFQ Bulk Container Final.docx
16eRH733SihLHAbx5LpQAQunsSomv8aF-,5. Sprague Electrical Infrastructure Upgrade.docx
1j1mjjI6x8Axl43YKSfkQJOJNCJlDekL8,4. Sprague Pvt base and landing gear.docx
1-mupXCExP41NEuC4QFhjEhfP0UUbz4U5,MePA IMT Liebherr Crane 1.11.18.docx
1EU54ZTz9wir3VCBZ83qWIcX_fYuDq5To,MePA IMT Liebherr Crane 1.11.18.docx
1s3WJUQpVC22Ny4fIHXIxRPFKCem25Blc,Liebherr Questions and Answers.docx
1EchbtHDMPmLAX95KptOO3yc6lpzboEo-,Mobile Harbor Crane MPA Rev 003.docx
1n-F3kNRx0s52XIiyAwixaGgwV5REVW_7,MOBILE HARBOR CRANE IMT RFQ Final.docx
1DmTQz0Op_FDieFAuzDrRrrYZTfOkFlnw,MPA Crane RFQ Questions.docx
1KgQWP9yUlgoIJ5a4wmCUzWflGnts8ADP,Mobile Harbor Crane MPA RFQ.docx
1ffhNnSG5trj9qtB_pl_UFqycCUIvwiQi,Maine Port Authority Service Contract.docx
1T-ZW5ell69yaWncfJ88ZBmHQRmiKIfy0,Kalmar Ottawa Port References.docx
1kUOP8dO4hf87-mEfwp_wpC_-ujpX8936,Maine Port Authority Cover letter.docx
1ewqRFxm7ITXNxxDQMJGgBy3W91Wd7IO9,Maine Port Authority slip.docx
1dBtPTqkJRmC0CmCat7Zj6fw0fJFqM6G9,YHT RFQ DRAFT Version 1 USE THIS ONE.docx
1xAc5b-dNG1ZLpdjEc3IFAFA7XobyZriU,YHT RFQ DRAFT 2.docx
10M2w7Fv0u8qEXGwAv_6ErrO-aWpO5Hcc,YHT RFQ DRAFT.docx
1labPW8G3twu4EsCH5b_Qa_dInYeGJ3J8,Maine Port Authority Service Contract.docx
1BP03174ahCmYWat9rhfJ23deD4GZtmob,Maine Port Authority Cover letter.docx
1EY-wJf4OMA4MhwWr0ZA2uHkC6DsqWv7h,Maine Port Authority slip.docx
1IanoaytYTlNN3BhY6_XpE52mewRIfyLP,VW Truck Letter David Gardner DRAFT.docx
1BMobHMTOlTBzZNha4k-pz7Qua0t7Vgud,VW Letter to D Gardner.docx
1ghsrsbxTP_j8Dispv1qhGGeD8X0NSF3b,YHT RFQ DRAFT 2.docx
1O4Ye2GV_w8fQsPCW3o7W4Y-x5RgxgTPz,VW Truck Letter David Gardner.docx
1tFmAOQ9j0YMR14ZN0sjJ9SJ5dwlEGfRc,YHT RFQ DRAFT Version 1 USE THIS ONE.docx
19W94aHCtwKvHUAfr8MHGEf9as9KJ72z_,YHT RFQ DRAFT.docx
1HjpXXk7v16fcHd-A7Av7ZoGzCFBD32UC,SAMPLE CERTIFICATE OF DESTRUCTION.docx
1cCOyB5rUNjExxLHgJyy6DFBi2MBBfA0k,MPA.Nitco sales agreement 10.12.18 rev 2.15.18.docx
1sFPJsMyCrOWsCTpkMpTLaGuO3eg7h1ka,Destruction Certificate.docx
19V3PjHOiYojQgCM1yfgWl6JrkOJA6UA5,Off Road Terminal Tractor proposal with option recommendations 10.1.18 R....docx
1WpZWJiCSTnpn8eky8nNFfKOYWrt9Xvei,MOBILE HARBOR CRANE IMT RFQ Draft.docx
1AywmwTcEamW4TSh5vz0DymyFd3ZmcjHX,MPA Spreader SPEC.docx
1PyxqNx1Cj0Sm1hKTJmlh1w5K5JFk3UuU,MePA Container Spreader RFQ.docx
19VRtIj2z15dz9o1dPMZKU4JyJngE85kT,MePA Container Spreader RFQ Draft 12.2.19.docx
1e7f_WihdtMOr6hQ-BQtdulBDF2h550NS,MPA Container Spreader RFQ Final Draft 12.12.19.docx
1qCIorpaTM2Q45FwEFeZj8IAyvhwL8moN,MePA Container Spreader RFQ Draft v1.docx
19CE4fGJzLA4bUGdUNqFODVbyZ40jdNGW,MePA Container Spreader RFQ Draft v2DF 11.4.19 (002).docx
1YFZ1rxSf7nu4K1X6ii0cxryi_JQsaPX5,RFQ Reach Stacker DRAFT.docx
1AUJxzBGWVZNy-9jWud_r6MF5PDelWarP,RS RQS.docx
1f6KEUWBmk4pgeB1bm_DVjMmltttgbssh,RFQ Reach Stacker DRAFT June 2018.docx
1Xj-_GN5WVwvE2oxXl3p65yG4rH0ydsZm,RFQ Reach Stacker FINAL Nov 2018.docx
1nRBJPp0RkYVskXmOzm6iAmjY5LYQHF55,RFP IMT MO (002).docx
1JIAJe_HZcAVgMm5ns7nZuI4rcabcHoXZ,RFP IMT M&O.docx
1Nozlx41tBPF41C8No28KB_5ZXGQUo0Ds,IMT MO RFP.docx
1Qq8Z0-1auF0-GdWv1BiGANk2lZcZrDxO,M&O RFP Final.docx
1I-z3pKE0mG_Lxr9P34xoSFswf3Cc_wp7,MM&O RFP Questions.docx
1lbLUwANI9FRvPDwhV-cE6h3CzxBc-tGx,RFP 201910181 - Mobile Harbor Crane - SUBMITTED QUESTIONS AND ANSWERS.docx
1_Arkd0_B5yuC0W0NgAdWREyiWKrLlNp5,Mobile Harbor Crane RFP 9.27.19 FINAL DRAFT.docx
1RUummZFFWSX3tAwsL9s-5x7BtJHsohv3,Mobile Harbor Crane RFP 7.22.19 FINAL DRAFT (002).docx
1K73xPTb6TlAZ86u7fw-XxygZfyXrv05B,Mobile Harbor Crane RFP 9.12.19 FINAL DRAFT.docx
1njJuzE9X2Nlyw1eKYCZAR4Md6wLLrN2n,MOBILE HARBOR CRANE IMT RFQ Final.docx
17d6J4VHSGENw0JcJ_x9Hb47AM7bpPQVK,MPA Crane RFQ Questions.docx
1h29Vsr8SD6vJqrev9F_U1KWJPXFZcq5r,RFP 201910181 Mobile Harbor Crane  12-18-19 MB_DF EDIT (003).docx
1vdcr5dEa8FeHAP4S2ApDcwt8vKsWmJve,Liebherr Crane Bid Memo 2.13.20.docx
1P8hn1-LaL9PZa5zLrXaeqFom01ocgYyC,FASTLANE Crane Spec.docx
1XD7aAOKfWiB5Vr1-UZutH4icFadmQbZA,FASTLANE Crane Spec DRAFT v1.docx
15ETV7ajiNHMussUEovoN5TdyiSqZqBDj,RFP Template.docx
1ChS8XREEyAx3q9vXjm6UKpowKC4BGBbY,IMT M&O RFP FINAL.docx
1UHDCGu80HNIMsNHqCWeI52W5k0SXGodM,Snow removal selection 2017-2018.docx
1b_oFRqcSqUc51h5_3XFZJUNRpRicInMv,MPA RFP Boiler Plate.docx
1i3XCTdEeYY26xA_9etuibXH1dQJ0m95S,Soli DG Questions to MMO Proposal.docx
1704eet9RMTeh7uhKLng1iKwHBoT29BlN,Soli DG Questions to MM&O Proposal.docx
1WEVQjMZhhwOcxMxYoj-QQ2s-1U09tASh,Jane Haskell Contract.docx
1lve2QTavqSspxZ65vGrPLGtK0uSMh2Ic,Consultant Contract Authorization (CCA) Form Ramboll.docx
1d-9TNCk6zAuaq1Kx7bDCWz0pJCpbi2FY,Work Performed Outside Contract Dates (003).docx
1nKJaW3LwB-7lNANJME8X6olXnh99Eoev,Justification for Comm Rate Ramboll.docx
1LKPSXMXmd3ICQ0_JUEGXcl9CnIP-x9Sh,Coop Agree_Pub_Quasi-Pub_Mun_Payable.docx
1I9-BuNF-XZik9qVtpRFMEmz4NxarKA0r,Purchase Contract PR3201 Maine Port Authority.docx
1rcI3hPa5OSjyeiVooB4qyU8PaI755hFA,New MO Agreement DRAFT v1.docx
1fL8WuBNMzDzc7Ejd6wNvh0YNLw_PPYxl,Exclusive or non exclusive.docx
1pNYOvJP5RIh8L9YkUcT7O6fwFbDkHt_1,Lease Description_February 5 2018.docx
194CWD1eNcRKVBBnW8dcmjowl7MjrFqnY,MPA-EIMSKIP LEASE AREA EXP.docx
1kNL9UmcQaYFKn2BS7Vwsin-6-H9hf8at,crane.docx
1_YcmugTtUR3oBmpHabrWgZPMdvksJJ1a,Maine Port Authority Contract 110817 WC Rider 2017.11.09.docx
1X9LVjpP6Y04ayb5rWS6ZcMhPGfp9bYv-,Woodard_Curran Mod 1 Geotech.docx
1GFrSb7uI5C746-VGHQHnC9aPcpsirkXE,2017.10.11 Cold Storage Preliminary Geotech Proposal (002) edited.docx
1UPf3CFCBLiPD_LNRVVqp9gOHUw91oylY,W&C revised contract.docx
1Y299VdNYLas5VwlnTnEYTp9DJAVgjGUh,Geotech Sole Source W&C.docx
1VllmsiEX_cbio7tvIJhLdwtAsqVNsF5w,Maine Port Authority Contract 110817 WC Edits 2017.11.09.docx
13Z5RQDsk4VTadeuUpyamNwLVXV-bEq3A,MePA IMT Geotech Study Proj Contract 10.19.17 Burns Edit.docx
1sV3ivNKk0u8PZtjc6Qi95xzknd1gVagY,Cold Storage coop agreement.docx
14luA2CIGTBIiQui2jZBHy6zQH5EBQsXA,Reach Stacker and Chassis Coop Agreement MePA-MaineDOT.docx
1Vd4KMkeHziJm6Z5F7nQRITcQL9E4pvmb,2018-3-1 Eimskip Chassis interchange.docx
1sVANLsv0_Olt4C8JZc9G34N0OaIh0VLu,MCS__Estimate.MPA.2018.docx
1wYMHH66ZwoaBUC-74xwP2wVFk4nwPFr-,Marine Compliance Solutions.docx
1DbukSSGu48OgnAcMZxl0xAjgSVJN3RGu,APPENDIX B-MaineDOT SOW 101.70 Port Planning Design and Technical Assistance.docx
1RVebGiwId6kLqdWzEnOJKMZYejUCTVnU,Debarment Cert.docx
1bm_IW3pY9bdLVIQ1bn4Bu_F1FpdBWysy,MPA Contract Mod.docx
1-xjYmg8Y9vnfMiln6pjXFKSz18OfumbD,EQUIPMENT LEASE AGREEMENT Burns Edits.docx
19TJJi6YEQN8f1l2lRRdZwUikrcStLE4C,20APR20 - IMT Master Plan - Future Site Expectations - Minutes.docx
1wnM8xUBMHLgBH6wEZGVpTdrYtC3IRcwR,Burns CCE Study Comments.docx
